school,faculty,fields
uclouvain,"Faculté de médecine et médecine dentaire",Medecine & Health
uclouvain,"Faculté de pharmacie et des sciences biomédicales",Pharmacy
uclouvain,"Faculté de santé publique",Medecine & Health
uclouvain,"Faculté des sciences de la motricité",Medecine & Health
uclouvain,"Ecole Polytechnique de Louvain",Engineering
uclouvain,"Faculté d'architecture, d'ingénierie architecturale, d'urbanisme",Architecture
uclouvain,"Faculté des bioingénieurs",Bio-Engineering
uclouvain,"Faculté des sciences",Veterinary;Science
uclouvain,"Faculté de droit et de criminologie",Law & Criminology
uclouvain,"Faculté de philosophie, arts et lettres",Philosophy;Letters;Arts
uclouvain,"Faculté de théologie",Theology
uclouvain,"Faculté des sciences économiques, sociales, politiques et de communication",Sociology;Political Sciences;Economy
uclouvain,"Louvain School of Management",Economy;Management
uclouvain,"Faculté de psychologie et des sciences de l'éducation",Psychology;Pedagogy
ulb,"Faculté de Philosophie et Sciences sociales",Philosophy;Sociology
ulb,"Faculté de Lettres, Traduction et Communication",Letters
ulb,"Faculté de Droit et de Criminologie",Law & Criminology
ulb,"Solvay Brussels School of Economics and Management",Economy;Management
ulb,"Faculté des Sciences psychologiques et de l'Éducation",Psychology;Pedagogy
ulb,"Faculté d'Architecture La Cambre Horta",Architecture
ulb,"Faculté des Sciences",Science
ulb,"École polytechnique de Bruxelles",Engineering
ulb,"Bruface",Engineering
ulb,"Faculté de Médecine",Medecine & Health
ulb,"École de Santé publique",Medecine & Health
ulb,"Faculté de Pharmacie",Pharmacy
ulb,"Faculté des Sciences de la motricité",Medecine & Health
ulb,"Ecole de Traduction et Interprétation ISTI-Coremans",Letters
ulb,"Ecole Interfacultaire de Bioingénieurs",Bio-Engineering
ulb,"Pole Santé",Medecine & Health
ulb,"Institut d'Études européennes",Political Sciences
ulb,"Centre de Formation continue en Sciences humaines et sociales",Sociology
ulb,"Institut des Sciences et Industries du Vivant et de l'Environnement",Bio-Engineering;Science
uliege,"Faculté d'Architecture",Architecture
uliege,"Faculté de Droit, Science politique et Criminologie",Law & Criminology;Political Sciences
uliege,"Gembloux Agro-Bio Tech",Bio-Engineering
uliege,"HEC Liège - Ecole de Gestion",Economy;Management
uliege,"Faculté de Médecine",Medecine & Health
uliege,"Faculté de Médecine Vétérinaire",Veterinary
uliege,"Faculté de Philosophie et Lettres",Philosophy;Letters
uliege,"Faculté de Psychologie, Logopédie et Sciences de l'Education",Psychology;Pedagogy
uliege,"Faculté des Sciences",Science
uliege,"Faculté des Sciences Appliquées",Engineering
uliege,"Faculté des Sciences Sociales",Sociology
unamur,"Faculté de droit",Law & Criminology
unamur,"Faculté d'informatique",Engineering
unamur,"Faculté de médecine",Medecine & Health
unamur,"Faculté de philosophie et lettres",Philosophy;Letters
unamur,"Faculté des sciences",Science
unamur,"Faculté des sciences économiques, sociales et de gestion",Sociology;Economy;Management
unamur,"Département éducation et technologie",Pedagogy
unamur,"Université de Namur",Other
umons,"Faculté d'Architecture et d'Urbanisme",Architecture
umons,"Faculté de Médecine et de Pharmacie",Medecine & Health;Pharmacy
umons,"Faculté Polytechnique",Engineering
umons,"Faculté de Psychologie et des Sciences de l'Education",Psychology;Pedagogy
umons,"Faculté des Sciences",Science
umons,"Faculté de Traduction et d'Interprétation - Ecole d'Interprètes Internationaux",Letters
umons,"Faculté Warocqué d'Economie et de Gestion",Economy;Management
umons,"Ecole de Droit",Law & Criminology
umons,"Ecole de Formation des Enseignants",Pedagogy
umons,"Ecole des Sciences Humaines et Sociales",Sociology
umons,"Institut de Recherche en Sciences et Technologies du Langage",Letters
uslb,"Faculté de philosophie, lettres et sciences humaines",Philosophy;Letters;Sociology
uslb,"Faculté de traduction et interprétation Marie Haps",Letters
uslb,"Faculté des sciences économiques, sociales, politiques et de la communication",Sociology;Political Sciences;Economy
uslb,"Faculté de droit",Law & Criminology
uslb,"Institut d’études européennes",Political Sciences
kuleuven,"Faculteit Theologie en Religiewetenschappen",Theology
kuleuven,"Bijzondere Faculteit Kerkelijk Recht",Theology
kuleuven,"Hoger Instituut voor Wijsbegeerte",Philosophy
kuleuven,"Faculteit Rechtsgeleerdheid",Law & Criminology
kuleuven,"Faculteit Economie en Bedrijfswetenschappen",Economy;Management
kuleuven,"Faculteit Sociale Wetenschappen",Sociology
kuleuven,"Faculteit Letteren",Letters
kuleuven,"Faculteit Psychologie en Pedagogische Wetenschappen",Psychology;Pedagogy
kuleuven,"Faculteit Wetenschappen",Science
kuleuven,"Faculteit Ingenieurswetenschappen",Engineering
kuleuven,"Faculteit Industriële Ingenieurswetenschappen",Engineering
kuleuven,"Faculteit Bio-ingenieurswetenschappen",Bio-Engineering
kuleuven,"Faculteit Architectuur",Architecture
kuleuven,"Faculteit Geneeskunde",Medecine & Health
kuleuven,"Faculteit Farmaceutische Wetenschappen",Pharmacy
kuleuven,"Faculteit Bewegings- en Revalidatiewetenschappen",Medecine & Health
kuleuven,"Geassocieerde Faculteit Kunsten",Arts
ugent,"Faculteit Letteren en Wijsbegeerte",Philosophy;Letters;Arts
ugent,"Faculteit Recht en Criminologie",Law & Criminology
ugent,"Faculty of Law and Criminology",Law & Criminology
ugent,"Faculteit Wetenschappen",Science
ugent,"Faculty of Sciences",Science
ugent,"Faculteit Geneeskunde en Gezondheidswetenschappen",Medecine & Health
ugent,"Faculty of Medicine and Health Sciences",Medecine & Health
ugent,"Faculteit Ingenieurswetenschappen en Architectuur",Architecture;Engineering
ugent,"Faculty of Engineering and Architecture",Architecture;Engineering
ugent,"Faculteit Economie en Bedrijfskunde",Economy;Management
ugent,"Faculty of Economics and Business Administration",Economy;Management
ugent,"Faculteit Diergeneeskunde",Veterinary
ugent,"Faculty of Veterinary Medicine",Veterinary
ugent,"Faculteit Psychologie en Pedagogische Wetenschappen",Psychology;Pedagogy
ugent,"Faculty of Psychology and Educational Sciences",Psychology;Pedagogy
ugent,"Faculteit Bio-ingenieurswetenschappen",Bio-Engineering
ugent,"Faculty of Bioscience Engineering",Bio-Engineering
ugent,"Faculteit Farmaceutische Wetenschappen",Pharmacy
ugent,"Faculty of Pharmaceutical Sciences",Pharmacy
ugent,"Faculteit Politieke en Sociale Wetenschappen",Sociology;Political Sciences
ugent,"Faculty of Political and Social Sciences",Sociology;Political Sciences
ugent,"Faculty of Arts and Philosophy",Philosophy;Letters;Arts
ugent,"Research Department",Other
uantwerpen,"Faculteit Bedrijfswetenschappen en Economie",Economy;Management
uantwerpen,"Faculty of Business and Economics",Economy;Management
uantwerpen,"Faculteit Farmaceutische, Biomedische en Diergeneeskundige Wetenschappen",Pharmacy;Veterinary
uantwerpen,"Faculty of Pharmaceutical, Biomedical and Veterinary Science",Pharmacy;Veterinary
uantwerpen,"Faculteit Geneeskunde en Gezondheidswetenschappen",Medecine & Health
uantwerpen,"Faculty of Medicine and Health Sciences",Medecine & Health
uantwerpen,"Faculteit Letteren en Wijsbegeerte",Philosophy;Letters
uantwerpen,"Faculteit Ontwerpwetenschappen",Architecture
uantwerpen,"Faculteit Rechten",Law & Criminology
uantwerpen,"Faculty of Law",Law & Criminology
uantwerpen,"Faculteit Sociale Wetenschappen",Sociology
uantwerpen,"Faculty of Social Sciences",Sociology
uantwerpen,"Faculteit Toegepaste Ingenieurswetenschappen",Engineering
uantwerpen,"Faculteit Wetenschappen",Science
uantwerpen,"Faculty of Science",Science
uantwerpen,"Instituut voor Ontwikkelingsbeleid",Political Sciences
uantwerpen,"Institute of Development Policy",Political Sciences
uantwerpen,"Instituut voor Milieu & Duurzame Ontwikkeling",Other
uantwerpen,"Instituut voor Milieu en Duurzame Ontwikkeling",Other
uantwerpen,"Instituut voor Milieu en Duurzame Ontwikkeling (IMDO)",Other
uantwerpen,"Institute of Environment and Sustainable Development",Other
uantwerpen,"Antwerp School of Education",Pedagogy
uantwerpen,"Institute of Development Policy (IOB)",Political Sciences
uantwerpen,"Centrum voor Andragogiek",Pedagogy
uantwerpen,"Centrum Nascholing Onderwijs",Pedagogy
uantwerpen,"Linguapolis",Letters
uantwerpen,"Onderzoeksgroep Instituties en Meerlagige Politiek",Political Sciences
vub,"Faculteit Recht en Criminologie",Law & Criminology
vub,"Faculty of Law and Criminology",Law & Criminology
vub,"Faculteit Sociale Wetensch & SolvayBusinessSchool",Sociology;Economy;Management
vub,"Faculteit Economische & Sociale Wetensch & SBS",Sociology;Economy;Management
vub,"Faculty of Economic & Social Sciences & Solvay BS",Sociology;Economy;Management
vub,"Faculty of Social Sciences & SolvayBusinessSchool",Sociology;Economy;Management
vub,"Faculteit Psychologie & Educatiewetenschappen",Psychology;Pedagogy
vub,"Faculteit Psychologie en Educatiewetenschappen",Psychology;Pedagogy
vub,"Faculty of Psychology and Educational Sciences",Psychology;Pedagogy
vub,"Multidisciplinair Instituut Lerarenopleiding",Pedagogy
vub,"Interfacultair Departement Lerarenopleiding",Pedagogy
vub,"Faculteit Letteren en Wijsbegeerte",Philosophy;Letters;Arts
vub,"Faculty of Arts and Philosophy",Philosophy;Letters;Arts
vub,"Faculteit Wetenschappen en Bio-ingenieurswetensch",Bio-Engineering;Science
vub,"Faculty of Sciences and Bioengineering Sciences",Bio-Engineering;Science
vub,"Faculty of Science and Bioengineering Sciences",Bio-Engineering;Science
vub,"Faculty of Science and Bio-engineering Sciences",Bio-Engineering;Science
vub,"Faculteit Geneeskunde en Farmacie",Medecine & Health;Pharmacy
vub,"Faculty of Medicine and Pharmacy",Medecine & Health;Pharmacy
vub,"Faculteit Ingenieurswetenschappen",Engineering
vub,"Faculty of Engineering",Engineering
vub,"Faculteit Lichamelijke Opvoeding en Kinesitherapie",Medecine & Health
vub,"Faculteit Lichamelijke Opvoeding & Kinesitherapie",Medecine & Health
vub,"Faculty of Physical Education and Physiotherapy",Medecine & Health
uhasselt,"Faculteit Architectuur en Kunst",Arts;Architecture
uhasselt,"Faculteit Bedrijfseconomische Wetenschappen",Economy;Management
uhasselt,"Faculteit Geneeskunde en Levenswetenschappen",Medecine & Health
uhasselt,"Faculteit Industriële Ingenieurswetenschappen",Engineering
uhasselt,"Faculteit Rechten",Law & Criminology
uhasselt,"Faculteit Revalidatiewetenschappen",Medecine & Health
uhasselt,"Faculteit Wetenschappen",Science
uhasselt,"School voor Mobiliteitswetenschappen",Engineering
uhasselt,"School voor educatieve studies",Pedagogy
uhasselt,"School of Expert Education",Pedagogy
artevelde,"Business en Management",TODO
artevelde,"Coaching en Begeleiding",TODO
artevelde,"Communicatie, Media en Design",TODO
artevelde,"Gezondhied en Zorg",TODO
artevelde,"HR en Leiderschap",TODO
artevelde,"Mens en Samenleving",TODO
artevelde,"Onderwijs",TODO
ecam,"Ingénieur industriel",TODO
ecsedi-isalt,"Département Economique",TODO
ehb,"RITCS - School of Arts",TODO
ehb,"Koninklijk Conservatorium Brussel - School of Arts",TODO
ehb,"Gezondheidszorg, Design & Technologie",TODO
ehb,"Mens & Maatschappij",TODO
ehb,"HOB",TODO
he-ferrer,"Arts Appliqués",TODO
he-ferrer,"Economique",TODO
he-ferrer,"Paramédical",TODO
he-ferrer,"Pédagogique",TODO
he-ferrer,"Social",TODO
he-ferrer,"Technique",TODO
heaj,"Département Economique",TODO
heaj,"Département Pédagogique",TODO
heaj,"Département Technique",TODO
hech,"Département Agronomique",TODO
hech,"Département Economique",TODO
hech,"Département Paramédicale",TODO
hech,"Département Pédagogique",TODO
hel,"Sciences de l'éducation",TODO
hel,"Sciences économiques et de gestion",TODO
hel,"Sciences paramédicales",TODO
hel,"Sciences et techniques",TODO
heldb,"Sciences de l'éducation",TODO
heldb,"Sciences économiques et de gestion",TODO
heldb,"Sciences et techniques",TODO
helmo,"Economique et Juridique",TODO
helmo,"Département Economique et Juridique",TODO
helmo,"Département Social",TODO
helmo,"Département Pédagogique",TODO
helmo,"Département Paramédical",TODO
helmo,"Département Informatique et Technique",TODO
henallux,"Département économique",TODO
henallux,"Département électromécanique",TODO
henallux,"Département ingénieur industriel",TODO
henallux,"Département paramédical",TODO
henallux,"Département pédagogique",TODO
henallux,"Département social",TODO
henallux,"Département technique",TODO
hers,"Département Economique",TODO
hers,"Département Paramédicale",TODO
hers,"Département Pédagogique",TODO
hers,"Département Social",TODO
hers,"Département Technique",TODO
howest,"bedrijf & organisatie",TODO
howest,"design & technologie",TODO
howest,"mens & welzijn",TODO
ichec,"Ecole de gestion et commerce",TODO
ihecs,"Journalism & Communication",TODO
ispg,"Pédagogie",TODO
issig,"Soins infirmiers",TODO
odisee,"Bedrijfskunde",TODO
odisee,"Biotechnologie",TODO
odisee,"Gezondheidszorg",TODO
odisee,"Onderwijs",TODO
odisee,"Sociaal-agogisch werk",TODO
odisee,"Technologie",TODO
thomasmore,"Business & Tourism",TODO
thomasmore,"Education & Sport",TODO
thomasmore,"Interior & Design",TODO
thomasmore,"Media & Communication",TODO
thomasmore,"People & Health",TODO
thomasmore,"Tech & IT",TODO
ucll,"gezondheid",TODO
ucll,"lerarenopleiding",TODO
ucll,"management",TODO
ucll,"technologie",TODO
ucll,"welzijn",TODO
vinci,"Département Paramédicale",TODO
vinci,"Département Pédagogique",TODO
vinci,"Département Economique",TODO
vinci,"Département Technique",TODO
vinci,"Département Social",TODO
vives,"Biotechniek",TODO
vives,"Gezondheidszorg",TODO
vives,"Handelswetenschappen en bedrijfskunde",TODO
vives,"Industriële wetenschappen en technologie",TODO
vives,"Onderwijs",TODO
vives,"Sociaal-agogisch Werk",TODO
titech,"工学院",Engineering
titech,"理学院",Science
titech,"情報理工学院",Engineering
titech,"物質理工学院",Bio-Engineering
titech,"生命理工学院",Bio-Engineering
titech,"環境・社会理工学院",Engineering
tokyou,"医学部",Medecine & Health
tokyou,"工学部",Engineering
tokyou,"文学部",Letters
tokyou,"法学部",Law & Criminology
tokyou,"理学部",Science
tokyou,"薬学部",Pharmacy
tokyou,"農学部",Bio-Engineering
tokyou,"教育学部",Pedagogy
tokyou,"教養学部",Other
tokyou,"経済学部",Economy
tokyou,"学際情報学府",Engineering
tokyou,"数理科学研究科",Science
tokyou,"公共政策学教育部",Political Sciences
tokyou,"情報理工学系研究科",Engineering
tokyou,"教養学部（前期課程）",Other
tokyou,"新領域創成科学研究科",Science
kyotou,"外国語",Letters
kyotou,"情報学",Engineering
kyotou,"統合科学",Science
kyotou,"自然科学",Science
kyotou,"大学院共通",Other
kyotou,"少人数教育",Other
kyotou,"キャリア形成",Other
kyotou,"人文・社会科学",Sociology
kyotou,"健康・スポーツ",Medecine & Health
kyotou,"大学院横断教育",Other
tohoku,"工学部",Engineering
tohoku,"文学部",Letters
tohoku,"法学部",Law & Criminology
tohoku,"理学部",Science
tohoku,"薬学部",Pharmacy
tohoku,"農学部",Bio-Engineering
tohoku,"全学教育",Other
tohoku,"教育学部",Pedagogy
tohoku,"経済学部",Economy
tohoku,"医学部医学科",Medecine & Health
tohoku,"医工学研究科",Bio-Engineering
tohoku,"医学部保健学科",Medecine & Health
tohoku,"国際文化研究科",Letters
tohoku,"情報科学研究科",Engineering
tohoku,"環境科学研究科",Science
tohoku,"生命科学研究科",Science
kyushu,"工学府",Engineering
kyushu,"工学部",Engineering
kyushu,"歯学府",Medecine & Health
kyushu,"歯学部",Medecine & Health
kyushu,"理学府",Science
kyushu,"理学部",Science
kyushu,"薬学府",Pharmacy
kyushu,"薬学部",Pharmacy
kyushu,"農学部",Bio-Engineering
kyushu,"共創学部",Other
kyushu,"基幹教育",Other
kyushu,"教育学部",Pedagogy
kyushu,"数理学府",Science
kyushu,"経済学府",Economy
kyushu,"経済学部",Economy
kyushu,"芸術工学府",Arts
kyushu,"芸術工学部",Arts
kyushu,"人間環境学府",Sociology
kyushu,"医学部医学科",Medecine & Health
kyushu,"総合理工学府",Engineering
kyushu,"医学部保健学科",Medecine & Health
kyushu,"大学院基幹教育",Other
kyushu,"統合新領域学府",Other
kyushu,"医学部生命科学科",Medecine & Health
kyushu,"システム情報科学府",Engineering
kyushu,"システム生命科学府",Science
kyushu,"医学系学府医学専攻",Medecine & Health
kyushu,"地球社会統合科学府",Other
kyushu,"生物資源環境科学府",Other
kyushu,"医学系学府保健学専攻",Medecine & Health
kyushu,"医学系学府医科学専攻",Medecine & Health
kyushu,"教職課程（教職に関する科目）",Other
kyushu,"医学系学府医療経営・管理学専攻",Medecine & Health
kyushu,"マス・フォア・イノベーション卓越大学院",Other
hokkaidou,"医学部",Medecine & Health
hokkaidou,"医学院",Medecine & Health
hokkaidou,"工学部",Engineering
hokkaidou,"工学院",Engineering
hokkaidou,"文学部",Letters
hokkaidou,"文学院",Letters
hokkaidou,"歯学部",Medecine & Health
hokkaidou,"歯学院",Medecine & Health
hokkaidou,"法学部",Law & Criminology
hokkaidou,"理学部",Science
hokkaidou,"理学院",Science
hokkaidou,"薬学部",Pharmacy
hokkaidou,"農学部",Bio-Engineering
hokkaidou,"農学院",Bio-Engineering
hokkaidou,"全学教育",Other
hokkaidou,"国際本部",Other
hokkaidou,"教育学部",Pedagogy
hokkaidou,"教育学院",Pedagogy
hokkaidou,"水産学部",Bio-Engineering
hokkaidou,"獣医学部",Veterinary
hokkaidou,"獣医学院",Veterinary
hokkaidou,"経済学部",Economy
hokkaidou,"経済学院",Economy
hokkaidou,"保健科学院",Medecine & Health
hokkaidou,"医理工学院",Bio-Engineering
hokkaidou,"情報科学院",Engineering
hokkaidou,"水産科学院",Bio-Engineering
hokkaidou,"法学研究科",Law & Criminology
hokkaidou,"環境科学院",Science
hokkaidou,"生命科学院",Science
hokkaidou,"総合化学院",Science
hokkaidou,"総合教育部",Pedagogy
hokkaidou,"専門横断科目",Other
hokkaidou,"国際感染症学院",Medecine & Health
hokkaidou,"国際食資源学院",Medecine & Health
hokkaidou,"大学院共通科目",Other
hokkaidou,"公共政策学教育部",Pedagogy
hokkaidou,"現代日本学プログラム課程",Other
hokkaidou,"国際広報メディア・観光学院",Other
tsukuba,"大学院便覧 教育研究科",Pedagogy
tsukuba,"大学院便覧 大学院共通科目",Other
tsukuba,"大学院便覧 グローバル教育院",Other
tsukuba,"大学院便覧 ビジネス科学研究科",Economy;Management
tsukuba,"大学院便覧 人文社会科学研究科",Letters
tsukuba,"大学院便覧 人間総合科学学術院",Science
tsukuba,"大学院便覧 人間総合科学研究科",Science
tsukuba,"大学院便覧 数理物質科学研究科",Science
tsukuba,"大学院便覧 理工情報生命学術院",Science
tsukuba,"大学院便覧 生命環境科学研究科",Science
tsukuba,"大学院便覧 システム情報工学研究科",Engineering
tsukuba,"大学院便覧 図書館情報メディア研究科",Letters
tsukuba,"大学院便覧 人文社会ビジネス科学学術院",Economy;Management
tsukuba,"科目等履修生用 科目履_共通科目",Other
tsukuba,"科目等履修生用 科目履_法曹専攻",Law & Criminology
tsukuba,"科目等履修生用 科目履_ビジネス科学研究群",Economy;Management
tsukuba,"科目等履修生用 科目履_人文社会科学研究群",Sociology
tsukuba,"科目等履修生用 科目履_数理物質科学研究群",Science
tsukuba,"科目等履修生用 科目履_生命地球科学研究群",Science
tsukuba,"科目等履修生用 科目履_人間総合科学研究群(人間)",Sociology
tsukuba,"科目等履修生用 科目履_人間総合科学研究群(体芸)",Arts
tsukuba,"科目等履修生用 科目履_人間総合科学研究群(医学)",Medicine & Health
tsukuba,"科目等履修生用 科目履_人間総合科学研究群(図情)",Letters
tsukuba,"科目等履修生用 科目履_人間総合科学研究群(東京)",Other
tsukuba,"科目等履修生用 科目履_システム情報工学研究群",Engineering
tsukuba,"科目等履修生用 科目履_国際経営プロフェッショナル専攻",Management
tsukuba,"開設授業科目一覧 教職",Other
tsukuba,"開設授業科目一覧 博物館",Arts
tsukuba,"開設授業科目一覧 自由科目(特設)",Other
tsukuba,"開設授業科目一覧 基礎科目(共通科目等)",Other
tsukuba,"開設授業科目一覧 専門基礎科目・専門科目",Other
tsukuba,"開設授業科目一覧 外国人留学生等日本語研修コース",Letters
tsukuba,"英語プログラムコースカタログ 英語プログラム共通科目",Letters
tsukuba,"英語プログラムコースカタログ 生命環境学際プログラム(生命環境学群G30)",Science
tsukuba,"英語プログラムコースカタログ 社会国際学教育プログラム(社会・国際学群)",Sociology
tsukuba,"英語プログラムコースカタログ 国際医療科学人養成プログラム(医療科学類G30)",Medicine & Health
chibau,"工学部",Engineering
chibau,"文学部",Letters
chibau,"理学部",Science
chibau,"留学生",Other
chibau,"薬学部",Pharmacy
chibau,"園芸学部",Other
chibau,"教育学部",Pedagogy
chibau,"普遍教育",Other
chibau,"看護学部",Medecine & Health
chibau,"医学薬学府",Medecine & Health
chibau,"工学研究科",Engineering
chibau,"法政経学部",Law & Criminology;Political Sciences
chibau,"人文公共学府",Sociology
chibau,"国際教養学部",Other
chibau,"園芸学研究科",Other
chibau,"教育学研究科",Pedagogy
chibau,"看護学研究科",Medecine & Health
chibau,"融合理工学府",Engineering
chibau,"大学院共通教育",Other
chibau,"人文社会科学研究科",Sociology
chibau,"総合国際学位プログラム",Other
